<?xml version="1.0" encoding="UTF-8"?>
<jcr:root xmlns:sling="http://sling.apache.org/jcr/sling/1.0" xmlns:cq="http://www.day.com/jcr/cq/1.0" xmlns:jcr="http://www.jcp.org/jcr/1.0" xmlns:nt="http://www.jcp.org/jcr/nt/1.0" xmlns:rep="internal"
    jcr:mixinTypes="[rep:AccessControllable]"
    jcr:primaryType="cq:Page">
    <rep:policy/>
    <loveoffashion jcr:primaryType="nt:unstructured">
        <components jcr:primaryType="nt:unstructured">
            <form jcr:primaryType="nt:unstructured">
                <container jcr:primaryType="nt:unstructured">
                    <form-container
                        jcr:description="Allows the form components to be dropped into this form container."
                        jcr:primaryType="nt:unstructured"
                        jcr:title="Content Form"
                        sling:resourceType="wcm/core/components/policy/policy"
                        components="[/apps/loveoffashion/components/form/button,/apps/loveoffashion/components/form/hidden,/apps/loveoffashion/components/form/options,/apps/loveoffashion/components/form/text]">
                        <jcr:content jcr:primaryType="nt:unstructured"/>
                    </form-container>
                </container>
            </form>
            <languagenavigation jcr:primaryType="nt:unstructured">
                <policy_xfm
                    jcr:primaryType="nt:unstructured"
                    jcr:title="Love of Fashion Language Navigation - Experience Fragment"
                    sling:resourceType="wcm/core/components/policy/policy"
                    navigationRoot="/content/loveoffashion"
                    structureDepth="1">
                    <jcr:content jcr:primaryType="nt:unstructured"/>
                </policy_xfm>
            </languagenavigation>
            <image jcr:primaryType="nt:unstructured">
                <policy_651483963895698
                    jcr:description="- Enable lazy loading for faster page loading.&#xd;&#xa;- Define allowed image widths for automatic loading of the image in the most optimal resolution, given the size at which each image is displayed on the page, and the visitor's pixel density.&#xd;&#xa;- Disallow direct asset upload, to force authors to first upload the images to Assets."
                    jcr:primaryType="nt:unstructured"
                    jcr:title="Content Image"
                    sling:resourceType="wcm/core/components/policy/policy"
                    allowedRenditionWidths="[320,480,600,800,1024,1200,1600]"
                    allowUpload="false"
                    altValueFromDAM="true"
                    disableLazyLoading="false"
                    displayPopupTitle="true"
                    isDecorative="false"
                    jpegQuality="{Long}85"
                    titleValueFromDAM="true"
                    uuidDisabled="true">
                    <jcr:content jcr:primaryType="nt:unstructured"/>
                    <plugins jcr:primaryType="nt:unstructured">
                        <crop
                            jcr:primaryType="nt:unstructured"
                            features="*">
                            <aspectRatios jcr:primaryType="nt:unstructured">
                                <item0
                                    jcr:primaryType="nt:unstructured"
                                    name="Wide Landscape"
                                    ratio="0.6180"/>
                                <item1
                                    jcr:primaryType="nt:unstructured"
                                    name="Landscape"
                                    ratio="0.8284"/>
                                <item2
                                    jcr:primaryType="nt:unstructured"
                                    name="Square"
                                    ratio="1"/>
                                <item3
                                    jcr:primaryType="nt:unstructured"
                                    name="Portrait"
                                    ratio="1.6180"/>
                            </aspectRatios>
                        </crop>
                        <rotate
                            jcr:primaryType="nt:unstructured"
                            features="right"/>
                        <flip
                            jcr:primaryType="nt:unstructured"
                            features="-"/>
                    </plugins>
                </policy_651483963895698>
            </image>
            <text jcr:primaryType="nt:unstructured">
                <policy_641562756958017
                    jcr:primaryType="nt:unstructured"
                    jcr:title="Content Text"
                    sling:resourceType="wcm/core/components/policy/policy">
                    <jcr:content jcr:primaryType="nt:unstructured"/>
                    <rtePlugins jcr:primaryType="nt:unstructured">
                        <paraformat
                            jcr:primaryType="nt:unstructured"
                            features="*">
                            <formats
                                jcr:primaryType="nt:unstructured"
                                override="true">
                                <item0
                                    jcr:primaryType="nt:unstructured"
                                    description="Paragraph"
                                    tag="p"/>
                                <item1
                                    jcr:primaryType="nt:unstructured"
                                    description="Quote"
                                    tag="blockquote"/>
                                <item2
                                    jcr:primaryType="nt:unstructured"
                                    description="Preformatted"
                                    tag="pre"/>
                            </formats>
                        </paraformat>
                        <misctools
                            jcr:primaryType="nt:unstructured"
                            features="-">
                            <specialCharsConfig jcr:primaryType="nt:unstructured">
                                <chars
                                    jcr:primaryType="nt:unstructured"
                                    override="true">
                                    <item0
                                        jcr:primaryType="nt:unstructured"
                                        entity="&amp;copy;"
                                        name="copyright"/>
                                    <item1
                                        jcr:primaryType="nt:unstructured"
                                        entity="&amp;euro;"
                                        name="euro"/>
                                    <item2
                                        jcr:primaryType="nt:unstructured"
                                        entity="&amp;reg;"
                                        name="registered"/>
                                    <item3
                                        jcr:primaryType="nt:unstructured"
                                        entity="&amp;trade;"
                                        name="trademark"/>
                                </chars>
                            </specialCharsConfig>
                        </misctools>
                        <edit
                            jcr:primaryType="nt:unstructured"
                            features="-"/>
                        <findreplace
                            jcr:primaryType="nt:unstructured"
                            features="-"/>
                        <undo
                            jcr:primaryType="nt:unstructured"
                            features="-"/>
                        <spellcheck
                            jcr:primaryType="nt:unstructured"
                            features="-"/>
                        <image
                            jcr:primaryType="nt:unstructured"
                            features="-"/>
                        <table
                            jcr:primaryType="nt:unstructured"
                            features="-"/>
                        <lists
                            jcr:primaryType="nt:unstructured"
                            features="*"/>
                        <justify
                            jcr:primaryType="nt:unstructured"
                            features="-"/>
                        <format
                            jcr:primaryType="nt:unstructured"
                            features="bold,italic"/>
                        <links
                            jcr:primaryType="nt:unstructured"
                            features="modifylink,unlink"/>
                        <subsuperscript
                            jcr:primaryType="nt:unstructured"
                            features="-"/>
                    </rtePlugins>
                </policy_641562756958017>
            </text>
            <title jcr:primaryType="nt:unstructured">
                <policy_641475696923109
                    jcr:description="Allows only H1 and disallows links for the main page title."
                    jcr:primaryType="nt:unstructured"
                    jcr:title="Page Title"
                    sling:resourceType="wcm/core/components/policy/policy"
                    allowedTypes="h1"
                    linkDisabled="true"
                    type="h1">
                    <jcr:content jcr:primaryType="nt:unstructured"/>
                </policy_641475696923109>
                <policy_641528232375303
                    jcr:description="Allows all sizes, but not H1, which is reserved for the main page title."
                    jcr:primaryType="nt:unstructured"
                    jcr:title="Content Title"
                    sling:resourceType="wcm/core/components/policy/policy"
                    allowedTypes="[h2,h3,h4,h5,h6]"
                    linkDisabled="false"
                    type="h2">
                    <jcr:content jcr:primaryType="nt:unstructured"/>
                </policy_641528232375303>
            </title>
            <experiencefragment jcr:primaryType="nt:unstructured">
                <policy_header
                    cq:styleDefaultElement="header"
                    jcr:description="Sets a &lt;header> element on the page header experience fragment."
                    jcr:primaryType="nt:unstructured"
                    jcr:title="Page Header"
                    sling:resourceType="wcm/core/components/policy/policy">
                    <jcr:content jcr:primaryType="nt:unstructured"/>
                </policy_header>
                <policy_footer
                    cq:styleDefaultElement="footer"
                    jcr:description="Sets a &lt;footer> element on the page footer experience fragment."
                    jcr:primaryType="nt:unstructured"
                    jcr:title="Page Footer"
                    sling:resourceType="wcm/core/components/policy/policy">
                    <jcr:content jcr:primaryType="nt:unstructured"/>
                </policy_footer>
            </experiencefragment>
            <container jcr:primaryType="nt:unstructured">
                <policy_1574694950110
                    jcr:description="Allows the template components and defines the component mapping (this configures what components should be automatically created when authors drop assets from the content finder to the page editor)."
                    jcr:lastModified="{Date}2021-06-21T13:37:40.343+05:30"
                    jcr:lastModifiedBy="admin"
                    jcr:primaryType="nt:unstructured"
                    jcr:title="Page Root"
                    sling:resourceType="wcm/core/components/policy/policy"
                    components="[group:General,group:Love of Fashion - Content,/apps/loveoffashion/components/form/container,group:Love of Fashion - Structure]">
                    <jcr:content
                        cq:lastReplicated="{Date}2021-06-23T01:19:04.984+05:30"
                        cq:lastReplicatedBy="admin"
                        cq:lastReplicationAction="Activate"
                        jcr:mixinTypes="[cq:ReplicationStatus]"
                        jcr:primaryType="nt:unstructured"/>
                    <cq:authoring jcr:primaryType="nt:unstructured">
                        <assetToComponentMapping jcr:primaryType="nt:unstructured">
                            <mapping_1575024218483
                                jcr:primaryType="nt:unstructured"
                                assetGroup="media"
                                assetMimetype="image/*"
                                droptarget="image"
                                resourceType="loveoffashion/components/image"/>
                            <mapping_1575030843388
                                jcr:primaryType="nt:unstructured"
                                assetGroup="content"
                                assetMimetype="text/html"
                                droptarget="experiencefragment"
                                resourceType="loveoffashion/components/experiencefragment"/>
                            <mapping_1575030853128
                                jcr:primaryType="nt:unstructured"
                                assetGroup="media"
                                assetMimetype="[text/html,application/vnd.adobe.contentfragment]"
                                droptarget="contentfragment"
                                resourceType="loveoffashion/components/contentfragment"/>
                        </assetToComponentMapping>
                    </cq:authoring>
                </policy_1574694950110>
                <policy_1574695586800
                    jcr:description="Allows the page components and defines the component mapping (this configures what components should be automatically created when authors drop assets from the content finder to the page editor)."
                    jcr:lastModified="{Date}2021-06-23T00:07:06.957+05:30"
                    jcr:lastModifiedBy="admin"
                    jcr:primaryType="nt:unstructured"
                    jcr:title="Page Content"
                    sling:resourceType="wcm/core/components/policy/policy"
                    components="[group:General,group:fashion,group:Love of Fashion - Content,group:Love of Fashion - Form,group:Love of Fashion - Structure]">
                    <jcr:content
                        cq:lastReplicated="{Date}2021-06-23T01:19:04.984+05:30"
                        cq:lastReplicatedBy="admin"
                        cq:lastReplicationAction="Activate"
                        jcr:mixinTypes="[cq:ReplicationStatus]"
                        jcr:primaryType="nt:unstructured"/>
                    <cq:authoring jcr:primaryType="nt:unstructured">
                        <assetToComponentMapping jcr:primaryType="nt:unstructured">
                            <mapping_1575030255082
                                jcr:primaryType="nt:unstructured"
                                assetGroup="media"
                                assetMimetype="image/*"
                                droptarget="image"
                                resourceType="loveoffashion/components/image"/>
                            <mapping_1575030260142
                                jcr:primaryType="nt:unstructured"
                                assetGroup="content"
                                assetMimetype="text/html"
                                droptarget="experiencefragment"
                                resourceType="loveoffashion/components/experiencefragment"/>
                            <mapping_1575030269139
                                jcr:primaryType="nt:unstructured"
                                assetGroup="media"
                                assetMimetype="[text/html,application/vnd.adobe.contentfragment]"
                                droptarget="contentfragment"
                                resourceType="loveoffashion/components/contentfragment"/>
                        </assetToComponentMapping>
                    </cq:authoring>
                </policy_1574695586800>
                <policy_649128221558427
                    cq:styleDefaultElement="main"
                    jcr:description="Sets a &lt;main> element on the page content area."
                    jcr:primaryType="nt:unstructured"
                    jcr:title="Page Main"
                    sling:resourceType="wcm/core/components/policy/policy">
                    <jcr:content jcr:primaryType="nt:unstructured"/>
                </policy_649128221558427>
                <policy_1575040440977
                    jcr:description="Allows the template components and defines the component mapping (this configures what components should be automatically created when authors drop assets from the content finder to the page editor)."
                    jcr:primaryType="nt:unstructured"
                    jcr:title="XF Root"
                    sling:resourceType="wcm/core/components/policy/policy"
                    components="[group:Love of Fashion - Content,/apps/loveoffashion/components/form/container]">
                    <jcr:content jcr:primaryType="nt:unstructured"/>
                    <cq:authoring jcr:primaryType="nt:unstructured">
                        <assetToComponentMapping jcr:primaryType="nt:unstructured">
                            <mapping_1575024218483
                                jcr:primaryType="nt:unstructured"
                                assetGroup="media"
                                assetMimetype="image/*"
                                droptarget="image"
                                resourceType="loveoffashion/components/image"/>
                            <mapping_1575030843388
                                jcr:primaryType="nt:unstructured"
                                assetGroup="content"
                                assetMimetype="text/html"
                                droptarget="experiencefragment"
                                resourceType="loveoffashion/components/experiencefragment"/>
                            <mapping_1575030853128
                                jcr:primaryType="nt:unstructured"
                                assetGroup="media"
                                assetMimetype="[text/html,application/vnd.adobe.contentfragment]"
                                droptarget="contentfragment"
                                resourceType="loveoffashion/components/contentfragment"/>
                        </assetToComponentMapping>
                    </cq:authoring>
                </policy_1575040440977>
                <policy_1624269328496
                    jcr:lastModified="{Date}2021-06-21T15:26:09.472+05:30"
                    jcr:lastModifiedBy="admin"
                    jcr:primaryType="nt:unstructured"
                    jcr:title="Home"
                    sling:resourceType="wcm/core/components/policy/policy"
                    components="[group:General,group:fashion,group:Love of Fashion - Content,group:Love of Fashion - Form,group:Love of Fashion - Structure]">
                    <jcr:content jcr:primaryType="nt:unstructured"/>
                </policy_1624269328496>
            </container>
            <teaser jcr:primaryType="nt:unstructured">
                <policy_1575031387650
                    jcr:description="Sets the title size to H3."
                    jcr:primaryType="nt:unstructured"
                    jcr:title="Content Teaser"
                    sling:resourceType="wcm/core/components/policy/policy"
                    titleType="h3">
                    <jcr:content jcr:primaryType="nt:unstructured"/>
                </policy_1575031387650>
            </teaser>
            <download jcr:primaryType="nt:unstructured">
                <policy_1575032193319
                    jcr:description="Sets the title size to H3."
                    jcr:primaryType="nt:unstructured"
                    jcr:title="Content Download"
                    sling:resourceType="wcm/core/components/policy/policy"
                    allowUpload="false"
                    displayFilename="true"
                    displayFormat="true"
                    displaySize="true"
                    titleType="h3">
                    <jcr:content jcr:primaryType="nt:unstructured"/>
                </policy_1575032193319>
            </download>
            <page jcr:primaryType="nt:unstructured">
                <policy
                    jcr:description="Includes the required client libraries."
                    jcr:primaryType="nt:unstructured"
                    jcr:title="Generic Page"
                    sling:resourceType="wcm/core/components/policy/policy"
                    clientlibs="[loveoffashion.dependencies,loveoffashion.site]"
                    clientlibsJsHead="loveoffashion.dependencies">
                    <jcr:content
                        cq:lastReplicated="{Date}2021-06-23T01:19:04.984+05:30"
                        cq:lastReplicatedBy="admin"
                        cq:lastReplicationAction="Activate"
                        jcr:mixinTypes="[cq:ReplicationStatus]"
                        jcr:primaryType="nt:unstructured"/>
                </policy>
            </page>
        </components>
    </loveoffashion>
    <wcm jcr:primaryType="nt:unstructured">
        <foundation jcr:primaryType="nt:unstructured">
            <components jcr:primaryType="nt:unstructured">
                <responsivegrid jcr:primaryType="nt:unstructured">
                    <policy_24573972451900
                        jcr:lastModified="{Date}2021-06-21T16:13:49.890+05:30"
                        jcr:lastModifiedBy="admin"
                        jcr:primaryType="nt:unstructured"
                        jcr:title="Teaser"
                        sling:resourceType="wcm/core/components/policy/policy"
                        components="group:Love of Fashion - Content">
                        <jcr:content jcr:primaryType="nt:unstructured"/>
                    </policy_24573972451900>
                    <policy_1686107342800
                        jcr:lastModified="{Date}2021-06-22T16:18:13.095+05:30"
                        jcr:lastModifiedBy="admin"
                        jcr:primaryType="nt:unstructured"
                        jcr:title="Header Experience Fragment"
                        sling:resourceType="wcm/core/components/policy/policy"
                        components="[group:General,group:fashion,group:Love of Fashion - Content,group:Love of Fashion - Form,group:Love of Fashion - Structure]">
                        <jcr:content
                            cq:lastReplicated="{Date}2021-06-23T01:19:04.984+05:30"
                            cq:lastReplicatedBy="admin"
                            cq:lastReplicationAction="Activate"
                            jcr:mixinTypes="[cq:ReplicationStatus]"
                            jcr:primaryType="nt:unstructured"/>
                    </policy_1686107342800>
                    <policy_1686126475100
                        jcr:lastModified="{Date}2021-06-21T20:29:47.227+05:30"
                        jcr:lastModifiedBy="admin"
                        jcr:primaryType="nt:unstructured"
                        jcr:title="Footer Experience Fragment"
                        sling:resourceType="wcm/core/components/policy/policy"
                        components="[group:General,group:fashion,group:Love of Fashion - Content,group:Love of Fashion - Form,group:Love of Fashion - Structure]">
                        <jcr:content
                            cq:lastReplicated="{Date}2021-06-23T01:19:04.984+05:30"
                            cq:lastReplicatedBy="admin"
                            cq:lastReplicationAction="Activate"
                            jcr:mixinTypes="[cq:ReplicationStatus]"
                            jcr:primaryType="nt:unstructured"/>
                    </policy_1686126475100>
                    <policy_1775760841000
                        jcr:lastModified="{Date}2021-06-21T20:34:25.984+05:30"
                        jcr:lastModifiedBy="admin"
                        jcr:primaryType="nt:unstructured"
                        jcr:title="body"
                        sling:resourceType="wcm/core/components/policy/policy"
                        components="[group:General,group:fashion,group:Love of Fashion - Content,group:Love of Fashion - Form,group:Love of Fashion - Structure]">
                        <jcr:content
                            cq:lastReplicated="{Date}2021-06-23T01:19:04.984+05:30"
                            cq:lastReplicatedBy="admin"
                            cq:lastReplicationAction="Activate"
                            jcr:mixinTypes="[cq:ReplicationStatus]"
                            jcr:primaryType="nt:unstructured"/>
                    </policy_1775760841000>
                    <policy_7274787578800
                        jcr:lastModified="{Date}2021-06-22T11:50:43.874+05:30"
                        jcr:lastModifiedBy="admin"
                        jcr:primaryType="nt:unstructured"
                        jcr:title="carousel"
                        sling:resourceType="wcm/core/components/policy/policy"
                        components="[group:General,group:fashion,group:Love of Fashion - Content,group:Love of Fashion - Form,group:Love of Fashion - Structure]">
                        <jcr:content
                            cq:lastReplicated="{Date}2021-06-23T01:19:04.984+05:30"
                            cq:lastReplicatedBy="admin"
                            cq:lastReplicationAction="Activate"
                            jcr:mixinTypes="[cq:ReplicationStatus]"
                            jcr:primaryType="nt:unstructured"/>
                    </policy_7274787578800>
                    <policy_17871978998600
                        jcr:lastModified="{Date}2021-06-22T15:30:04.540+05:30"
                        jcr:lastModifiedBy="admin"
                        jcr:primaryType="nt:unstructured"
                        jcr:title="teaser"
                        sling:resourceType="wcm/core/components/policy/policy"
                        components="[group:General,group:fashion,group:Love of Fashion - Content,group:Love of Fashion - Form,group:Love of Fashion - Structure]">
                        <jcr:content
                            cq:lastReplicated="{Date}2021-06-23T01:19:04.984+05:30"
                            cq:lastReplicatedBy="admin"
                            cq:lastReplicationAction="Activate"
                            jcr:mixinTypes="[cq:ReplicationStatus]"
                            jcr:primaryType="nt:unstructured"/>
                    </policy_17871978998600>
                    <policy_17932057753300
                        jcr:lastModified="{Date}2021-06-22T20:55:26.307+05:30"
                        jcr:lastModifiedBy="admin"
                        jcr:primaryType="nt:unstructured"
                        jcr:title="carousel"
                        sling:resourceType="wcm/core/components/policy/policy"
                        components="[group:General,group:fashion,group:Love of Fashion - Content,group:Love of Fashion - Form,group:Love of Fashion - Structure]">
                        <jcr:content
                            cq:lastReplicated="{Date}2021-06-23T01:19:04.984+05:30"
                            cq:lastReplicatedBy="admin"
                            cq:lastReplicationAction="Activate"
                            jcr:mixinTypes="[cq:ReplicationStatus]"
                            jcr:primaryType="nt:unstructured"/>
                    </policy_17932057753300>
                    <policy_21045094032700
                        jcr:lastModified="{Date}2021-06-22T16:19:18.290+05:30"
                        jcr:lastModifiedBy="admin"
                        jcr:primaryType="nt:unstructured"
                        jcr:title="accordion"
                        sling:resourceType="wcm/core/components/policy/policy"
                        components="[group:General,group:fashion,group:Love of Fashion - Content,group:Love of Fashion - Form,group:Love of Fashion - Structure]">
                        <jcr:content
                            cq:lastReplicated="{Date}2021-06-23T01:19:04.984+05:30"
                            cq:lastReplicatedBy="admin"
                            cq:lastReplicationAction="Activate"
                            jcr:mixinTypes="[cq:ReplicationStatus]"
                            jcr:primaryType="nt:unstructured"/>
                    </policy_21045094032700>
                    <policy_23330914181000
                        jcr:lastModified="{Date}2021-06-22T16:19:07.517+05:30"
                        jcr:lastModifiedBy="admin"
                        jcr:primaryType="nt:unstructured"
                        jcr:title="footer Experience Fragment"
                        sling:resourceType="wcm/core/components/policy/policy"
                        components="[group:General,group:fashion,group:Love of Fashion - Content,group:Love of Fashion - Form,group:Love of Fashion - Structure]">
                        <jcr:content
                            cq:lastReplicated="{Date}2021-06-23T01:19:04.984+05:30"
                            cq:lastReplicatedBy="admin"
                            cq:lastReplicationAction="Activate"
                            jcr:mixinTypes="[cq:ReplicationStatus]"
                            jcr:primaryType="nt:unstructured"/>
                    </policy_23330914181000>
                    <policy_43950938577700
                        jcr:lastModified="{Date}2021-06-22T22:04:12.334+05:30"
                        jcr:lastModifiedBy="admin"
                        jcr:primaryType="nt:unstructured"
                        jcr:title="teaser"
                        sling:resourceType="wcm/core/components/policy/policy"
                        components="[group:General,group:Love of Fashion - Content,group:Love of Fashion - Form,group:Love of Fashion - Structure]">
                        <jcr:content
                            cq:lastReplicated="{Date}2021-06-23T01:19:04.984+05:30"
                            cq:lastReplicatedBy="admin"
                            cq:lastReplicationAction="Activate"
                            jcr:mixinTypes="[cq:ReplicationStatus]"
                            jcr:primaryType="nt:unstructured"/>
                    </policy_43950938577700>
                    <policy_48788263333200
                        jcr:lastModified="{Date}2021-06-22T23:23:18.834+05:30"
                        jcr:lastModifiedBy="admin"
                        jcr:primaryType="nt:unstructured"
                        jcr:title="faq"
                        sling:resourceType="wcm/core/components/policy/policy"
                        components="[group:General,group:fashion,group:Love of Fashion - Content,group:Love of Fashion - Form,group:Love of Fashion - Structure]">
                        <jcr:content
                            cq:lastReplicated="{Date}2021-06-23T01:19:04.984+05:30"
                            cq:lastReplicatedBy="admin"
                            cq:lastReplicationAction="Activate"
                            jcr:mixinTypes="[cq:ReplicationStatus]"
                            jcr:primaryType="nt:unstructured"/>
                    </policy_48788263333200>
                    <policy_51641851823700
                        jcr:lastModified="{Date}2021-06-23T00:09:43.035+05:30"
                        jcr:lastModifiedBy="admin"
                        jcr:primaryType="nt:unstructured"
                        jcr:title="header"
                        sling:resourceType="wcm/core/components/policy/policy"
                        components="[group:General,group:fashion,group:Love of Fashion - Content,group:Love of Fashion - Form,group:Love of Fashion - Structure]">
                        <jcr:content jcr:primaryType="nt:unstructured"/>
                    </policy_51641851823700>
                    <policy_51692048916200
                        jcr:lastModified="{Date}2021-06-23T00:10:20.682+05:30"
                        jcr:lastModifiedBy="admin"
                        jcr:primaryType="nt:unstructured"
                        jcr:title="content"
                        sling:resourceType="wcm/core/components/policy/policy"
                        components="[group:General,group:fashion,group:Love of Fashion - Content,group:Love of Fashion - Form,group:Love of Fashion - Structure]">
                        <jcr:content jcr:primaryType="nt:unstructured"/>
                    </policy_51692048916200>
                    <policy_53618435383700
                        jcr:lastModified="{Date}2021-06-23T00:55:27.114+05:30"
                        jcr:lastModifiedBy="admin"
                        jcr:primaryType="nt:unstructured"
                        jcr:title="footer"
                        sling:resourceType="wcm/core/components/policy/policy"
                        components="[group:General,group:fashion,group:Love of Fashion - Content,group:Love of Fashion - Form,group:Love of Fashion - Structure]">
                        <jcr:content jcr:primaryType="nt:unstructured"/>
                    </policy_53618435383700>
                    <policy_1099916796700
                        jcr:lastModified="{Date}2021-06-23T10:11:02.924+05:30"
                        jcr:lastModifiedBy="admin"
                        jcr:primaryType="nt:unstructured"
                        jcr:title="servlet"
                        sling:resourceType="wcm/core/components/policy/policy"
                        components="[group:General,group:fashion,group:Love of Fashion - Content,group:Love of Fashion - Form,group:Love of Fashion - Structure]">
                        <jcr:content jcr:primaryType="nt:unstructured"/>
                    </policy_1099916796700>
                </responsivegrid>
            </components>
        </foundation>
        <designimporter jcr:primaryType="nt:unstructured">
            <components jcr:primaryType="nt:unstructured">
                <title jcr:primaryType="nt:unstructured"/>
            </components>
        </designimporter>
    </wcm>
    <foundation jcr:primaryType="nt:unstructured">
        <components jcr:primaryType="nt:unstructured">
            <title jcr:primaryType="nt:unstructured">
                <policy_1624383658505
                    jcr:lastModified="{Date}2021-06-22T23:11:12.363+05:30"
                    jcr:lastModifiedBy="admin"
                    jcr:primaryType="nt:unstructured"
                    jcr:title="title"
                    sling:resourceType="wcm/core/components/policy/policy">
                    <jcr:content
                        cq:lastReplicated="{Date}2021-06-23T01:19:04.984+05:30"
                        cq:lastReplicatedBy="admin"
                        cq:lastReplicationAction="Activate"
                        jcr:mixinTypes="[cq:ReplicationStatus]"
                        jcr:primaryType="nt:unstructured"/>
                </policy_1624383658505>
            </title>
        </components>
    </foundation>
</jcr:root>
